"instrument_token","tradingsymbol","name","exchange","segment","instrument_type","lot_size","tick_size","is_active","metadata","created_at","updated_at","market_cap","sector"
"770561","AXISTECETF","AXISAMC - AXISTECETF","NSE","NSE","EQ",1,"0.01000000",True,NULL,"2026-02-05 12:45:55.051831+00","2026-02-05 12:45:55.051836+00","0",NULL
"773633","SDL26BEES","RELCAPAMC-NETFSDL26","NSE","NSE","EQ",1,"0.01000000",True,NULL,"2026-02-05 12:45:55.50296+00","2026-02-05 12:45:55.502965+00","0",NULL
"1336321","BFSI","MIRAEAMC - MAFSETF","NSE","NSE","EQ",1,"0.01000000",True,NULL,"2026-02-05 12:46:23.40504+00","2026-02-05 12:46:23.405052+00","0",NULL
"812033","GILT5YBEES","RELCAPAMC - NETFGILT5Y","NSE","NSE","EQ",1,"0.01000000",True,NULL,"2026-02-05 12:45:57.392824+00","2026-02-05 12:45:57.392828+00","0",NULL
"903681","AXISBPSETF","AXISAMC - AXISBPSETF","NSE","NSE","EQ",1,"0.01000000",True,NULL,"2026-02-05 12:46:03.782886+00","2026-02-05 12:46:03.782889+00","0",NULL
"923649","AXISHCETF","AXISAMC - AXISHCETF","NSE","NSE","EQ",1,"0.01000000",True,NULL,"2026-02-05 12:46:05.058668+00","2026-02-05 12:46:05.058671+00","0",NULL
"1120769","SENSEXIETF","ICICI PRUD SENSEX ETF","NSE","NSE","EQ",1,"0.01000000",True,NULL,"2026-02-05 12:46:14.583006+00","2026-02-05 12:46:14.583014+00","0",NULL
"184833","SBIETFPB","SBIAMC - SBIETFPB","NSE","NSE","EQ",1,"0.01000000",True,NULL,"2026-02-05 12:45:20.062522+00","2026-02-05 12:45:20.062533+00","0",NULL
"189441","SBIETFIT","SBIAMC - SBIETFIT","NSE","NSE","EQ",1,"0.01000000",True,NULL,"2026-02-05 12:45:20.278852+00","2026-02-05 12:45:20.278861+00","0",NULL
"267265","AXISBNKETF","AXISAMC - AXISBNKETF","NSE","NSE","EQ",1,"0.01000000",True,NULL,"2026-02-05 12:45:24.508515+00","2026-02-05 12:45:24.508528+00","0",NULL
"307201","ESG","MIRAEAMC - MAESGETF","NSE","NSE","EQ",1,"0.01000000",True,NULL,"2026-02-05 12:45:27.336819+00","2026-02-05 12:45:27.336827+00","0",NULL
"493313","LIQUIDETF","DSP LIQUID ETF","NSE","NSE","EQ",1,"0.01000000",True,NULL,"2026-02-05 12:45:38.313051+00","2026-02-05 12:45:38.31306+00","0",NULL
"1273089","PHARMABEES","NIPPONAMC - NETFPHARMA","NSE","NSE","EQ",1,"0.01000000",True,NULL,"2026-02-05 12:46:20.986782+00","2026-02-05 12:46:20.986791+00","0",NULL
"1323009","SBIETFCON","SBIAMC - SBIETFCON","NSE","NSE","EQ",1,"0.01000000",True,NULL,"2026-02-05 12:46:22.953215+00","2026-02-05 12:46:22.953225+00","0",NULL
"595969","CPSEETF","CPSE ETF","NSE","NSE","EQ",1,"0.01000000",True,NULL,"2026-02-05 12:45:44.666435+00","2026-02-05 12:45:44.66644+00","0",NULL
"623361","CONSUMBEES","NIP IND ETF CONSUMPTION","NSE","NSE","EQ",1,"0.01000000",True,NULL,"2026-02-05 12:45:45.986367+00","2026-02-05 12:45:45.986376+00","0",NULL
"674817","DIVOPPBEES","NIP IND ETF DIV OPP","NSE","NSE","EQ",1,"0.01000000",True,NULL,"2026-02-05 12:45:49.34546+00","2026-02-05 12:45:49.345469+00","0",NULL
"1467393","AXISCETF","AXISAMC - AXISCETF","NSE","NSE","EQ",1,"0.01000000",True,NULL,"2026-02-05 12:46:28.355054+00","2026-02-05 12:46:28.355066+00","0",NULL
"1497857","BANKNIFTY1","KOTAKMAMC-KOTAKBKETF","NSE","NSE","EQ",1,"0.01000000",True,NULL,"2026-02-05 12:46:28.829933+00","2026-02-05 12:46:28.829942+00","0",NULL
"1524993","BSLSENETFG","BIRLASLAMC - BSLSENETFG","NSE","NSE","EQ",1,"0.01000000",True,NULL,"2026-02-05 12:46:29.566568+00","2026-02-05 12:46:29.56657+00","0",NULL
"1626369","NIFTYETF","MIRAEAMC - MAN50ETF","NSE","NSE","EQ",1,"0.01000000",True,NULL,"2026-02-05 12:46:33.844938+00","2026-02-05 12:46:33.844947+00","0",NULL
"1691137","EQUAL50ADD","DSPAMC - DSPNEWETF","NSE","NSE","EQ",1,"0.01000000",True,NULL,"2026-02-05 12:46:36.814238+00","2026-02-05 12:46:36.814242+00","0",NULL
"1842177","BBETF0432","EDELAMC - BBETF0432","NSE","NSE","EQ",1,"0.01000000",True,NULL,"2026-02-05 12:46:43.528394+00","2026-02-05 12:46:43.528408+00","0",NULL
"1847809","SBIETFQLTY","SBIAMC - SBIETFQLTY","NSE","NSE","EQ",1,"0.01000000",True,NULL,"2026-02-05 12:46:44.103182+00","2026-02-05 12:46:44.103193+00","0",NULL
"1882369","SETFNN50","SBI-ETF NIFTY NEXT 50","NSE","NSE","EQ",1,"0.01000000",True,NULL,"2026-02-05 12:46:45.278436+00","2026-02-05 12:46:45.278445+00","0",NULL
"1884417","SETFNIFBK","SBI-ETF NIFTY BANK","NSE","NSE","EQ",1,"0.01000000",True,NULL,"2026-02-05 12:46:45.543252+00","2026-02-05 12:46:45.543261+00","0",NULL
"1908737","MIDQ50ADD","DSPAMC - DSPQ50ETF","NSE","NSE","EQ",1,"0.01000000",True,NULL,"2026-02-05 12:46:47.34574+00","2026-02-05 12:46:47.345748+00","0",NULL
"2006529","NETF","TATAAML - NETF","NSE","NSE","EQ",1,"0.01000000",True,NULL,"2026-02-05 12:46:50.135212+00","2026-02-05 12:46:50.135221+00","0",NULL
"2017281","AUTOBEES","NIPPONAMC - NETFAUTO","NSE","NSE","EQ",1,"0.01000000",True,NULL,"2026-02-05 12:46:51.304843+00","2026-02-05 12:46:51.304853+00","0",NULL
"2042625","MAKEINDIA","MIRAEAMC - MAMFGETF","NSE","NSE","EQ",1,"0.01000000",True,NULL,"2026-02-05 12:46:52.472998+00","2026-02-05 12:46:52.473007+00","0",NULL
"2068481","SILVERBEES","NIPPONAMC - NETFSILVER","NSE","NSE","EQ",1,"0.01000000",True,NULL,"2026-02-05 12:46:53.823696+00","2026-02-05 12:46:53.823704+00","0",NULL
"2108673","NETFSIINAV","NETFSILVER NAV","NSE","NSE","EQ",1,"0.01000000",True,NULL,"2026-02-05 12:46:56.793203+00","2026-02-05 12:46:56.793213+00","0",NULL
"2109441","BSLGOLINAV","BSLGOLDETF NAV","NSE","NSE","EQ",1,"0.01000000",True,NULL,"2026-02-05 12:46:57.296082+00","2026-02-05 12:46:57.296091+00","0",NULL
"2109697","HDFCMFINAV","HDFCMFGETF NAV","NSE","NSE","EQ",1,"0.01000000",True,NULL,"2026-02-05 12:46:57.423042+00","2026-02-05 12:46:57.423045+00","0",NULL
"2114049","SETFGOINAV","SETFGOLD NAV","NSE","NSE","EQ",1,"0.01000000",True,NULL,"2026-02-05 12:46:58.143843+00","2026-02-05 12:46:58.143853+00","0",NULL
"2153729","MIDCAPETF","MIRAEAMC - MAM150ETF","NSE","NSE","EQ",1,"0.01000000",True,NULL,"2026-02-05 12:46:59.327622+00","2026-02-05 12:46:59.327628+00","0",NULL
"2177537","MID150BEES","NIP IND ETF MIDCAP 150","NSE","NSE","EQ",1,"0.01000000",True,NULL,"2026-02-05 12:47:00.326106+00","2026-02-05 12:47:00.326112+00","0",NULL
"2273793","TNIDETF","TATAAML - TNIDETF","NSE","NSE","EQ",1,"0.01000000",True,NULL,"2026-02-05 12:47:04.91852+00","2026-02-05 12:47:04.91853+00","0",NULL
"2520833","NV20BEES","NIP IND ETF ETF NV20","NSE","NSE","EQ",1,"0.01000000",True,NULL,"2026-02-05 12:47:15.569542+00","2026-02-05 12:47:15.569551+00","0",NULL
"2550785","ABSLBAINAV","ABSLBANETF INAV","NSE","NSE","EQ",1,"0.01000000",True,NULL,"2026-02-05 12:47:17.493337+00","2026-02-05 12:47:17.493346+00","0",NULL
"2552577","BSLSENINAV","BSLSENETFG INAV","NSE","NSE","EQ",1,"0.01000000",True,NULL,"2026-02-05 12:47:17.765558+00","2026-02-05 12:47:17.765567+00","0",NULL
"2553345","AXISHCINAV","AXISHCETF INAV","NSE","NSE","EQ",1,"0.01000000",True,NULL,"2026-02-05 12:47:18.268411+00","2026-02-05 12:47:18.268421+00","0",NULL
"2556417","AXISBPINAV","AXISBPSETF INAV","NSE","NSE","EQ",1,"0.01000000",True,NULL,"2026-02-05 12:47:18.416033+00","2026-02-05 12:47:18.416042+00","0",NULL
"2556673","AXISBNINAV","AXISBNKETF INAV","NSE","NSE","EQ",1,"0.01000000",True,NULL,"2026-02-05 12:47:18.573174+00","2026-02-05 12:47:18.573183+00","0",NULL
"2556929","AXISCEINAV","AXISCETF INAV","NSE","NSE","EQ",1,"0.01000000",True,NULL,"2026-02-05 12:47:18.753422+00","2026-02-05 12:47:18.753433+00","0",NULL
"2558977","AXISTEINAV","AXISTECETF INAV","NSE","NSE","EQ",1,"0.01000000",True,NULL,"2026-02-05 12:47:19.115037+00","2026-02-05 12:47:19.115046+00","0",NULL
"2559233","DSPNEWINAV","DSPNEWETF INAV","NSE","NSE","EQ",1,"0.01000000",True,NULL,"2026-02-05 12:47:19.293558+00","2026-02-05 12:47:19.29357+00","0",NULL
"2561025","DSPN50INAV","DSPN50ETF INAV","NSE","NSE","EQ",1,"0.01000000",True,NULL,"2026-02-05 12:47:19.473141+00","2026-02-05 12:47:19.473147+00","0",NULL
"2561281","DSPQ50INAV","DSPQ50ETF INAV","NSE","NSE","EQ",1,"0.01000000",True,NULL,"2026-02-05 12:47:19.611711+00","2026-02-05 12:47:19.61173+00","0",NULL
"2561793","LIQUIEINAV","LIQUIDETF INAV","NSE","NSE","EQ",1,"0.01000000",True,NULL,"2026-02-05 12:47:19.711135+00","2026-02-05 12:47:19.711146+00","0",NULL
"2563073","EBBE23INAV","EBBETF0423 INAV","NSE","NSE","EQ",1,"0.01000000",True,NULL,"2026-02-05 12:47:20.016883+00","2026-02-05 12:47:20.016891+00","0",NULL
"2564097","EBBE30INAV","EBBETF0430 INAV","NSE","NSE","EQ",1,"0.01000000",True,NULL,"2026-02-05 12:47:20.195794+00","2026-02-05 12:47:20.195799+00","0",NULL
"2564353","EBBE31INAV","EBBETF0425 INAV","NSE","NSE","EQ",1,"0.01000000",True,NULL,"2026-02-05 12:47:20.375993+00","2026-02-05 12:47:20.376+00","0",NULL
"2564865","EBBE32INAV","EBBETF0431 INAV","NSE","NSE","EQ",1,"0.01000000",True,NULL,"2026-02-05 12:47:20.486865+00","2026-02-05 12:47:20.48687+00","0",NULL
"2565377","BBETF0INAV","BBETF0432 INAV","NSE","NSE","EQ",1,"0.01000000",True,NULL,"2026-02-05 12:47:20.609859+00","2026-02-05 12:47:20.609866+00","0",NULL
"2565633","HBANKEINAV","HBANKETF INAV","NSE","NSE","EQ",1,"0.01000000",True,NULL,"2026-02-05 12:47:20.732978+00","2026-02-05 12:47:20.732983+00","0",NULL
"2565889","HDFCNFINAV","HDFCNIFETF INAV","NSE","NSE","EQ",1,"0.01000000",True,NULL,"2026-02-05 12:47:20.846538+00","2026-02-05 12:47:20.846542+00","0",NULL
"2566145","HDFCSEINAV","HDFCSENETF INAV","NSE","NSE","EQ",1,"0.01000000",True,NULL,"2026-02-05 12:47:20.972305+00","2026-02-05 12:47:20.972314+00","0",NULL
"2579201","KOTAKBINAV","KOTAKBKETF INAV","NSE","NSE","EQ",1,"0.01000000",True,NULL,"2026-02-05 12:47:24.153553+00","2026-02-05 12:47:24.153561+00","0",NULL
"2585089","LICN50INAV","LICNETFN50 INAV","NSE","NSE","EQ",1,"0.01000000",True,NULL,"2026-02-05 12:47:25.687621+00","2026-02-05 12:47:25.68763+00","0",NULL
"2585857","LICNGSINAV","LICNETFGSC INAV","NSE","NSE","EQ",1,"0.01000000",True,NULL,"2026-02-05 12:47:25.956802+00","2026-02-05 12:47:25.956811+00","0",NULL
"2586625","LICNETINAV","LICNETFSEN INAV","NSE","NSE","EQ",1,"0.01000000",True,NULL,"2026-02-05 12:47:26.135982+00","2026-02-05 12:47:26.135993+00","0",NULL
"2587137","MAN50EINAV","MAN50ETF INAV","NSE","NSE","EQ",1,"0.01000000",True,NULL,"2026-02-05 12:47:26.418449+00","2026-02-05 12:47:26.418459+00","0",NULL
"2587649","MAFSETINAV","MAFSETF INAV","NSE","NSE","EQ",1,"0.01000000",True,NULL,"2026-02-05 12:47:26.545547+00","2026-02-05 12:47:26.545548+00","0",NULL
"2587905","MAMFGEINAV","MAMFGETF INAV","NSE","NSE","EQ",1,"0.01000000",True,NULL,"2026-02-05 12:47:26.673287+00","2026-02-05 12:47:26.673299+00","0",NULL
"2588161","MAM150INAV","MAM150ETF INAV","NSE","NSE","EQ",1,"0.01000000",True,NULL,"2026-02-05 12:47:26.805849+00","2026-02-05 12:47:26.80586+00","0",NULL
"2590721","MAESGEINAV","MAESGETF INAV","NSE","NSE","EQ",1,"0.01000000",True,NULL,"2026-02-05 12:47:27.31995+00","2026-02-05 12:47:27.31996+00","0",NULL
"2598913","SBILTYINAV","SBIETFQLTY INAV","NSE","NSE","EQ",1,"0.01000000",True,NULL,"2026-02-05 12:47:30.02257+00","2026-02-05 12:47:30.022581+00","0",NULL
"2599169","SBICONINAV","SBIETFCON INAV","NSE","NSE","EQ",1,"0.01000000",True,NULL,"2026-02-05 12:47:30.186466+00","2026-02-05 12:47:30.186475+00","0",NULL
"2599425","SBIFPBINAV","SBIETFPB INAV","NSE","NSE","EQ",1,"0.01000000",True,NULL,"2026-02-05 12:47:30.36315+00","2026-02-05 12:47:30.36316+00","0",NULL
"2599681","SETF10INAV","SETF10GILT INAV","NSE","NSE","EQ",1,"0.01000000",True,NULL,"2026-02-05 12:47:30.544571+00","2026-02-05 12:47:30.544581+00","0",NULL
"2600961","SBIETFINAV","SBIETFIT INAV","NSE","NSE","EQ",1,"0.01000000",True,NULL,"2026-02-05 12:47:30.688556+00","2026-02-05 12:47:30.688565+00","0",NULL
"2601217","SETF50INAV","SETFNIF50 INAV","NSE","NSE","EQ",1,"0.01000000",True,NULL,"2026-02-05 12:47:30.868689+00","2026-02-05 12:47:30.868699+00","0",NULL
"2602497","SETFNIINAV","SETFNIFBK INAV","NSE","NSE","EQ",1,"0.01000000",True,NULL,"2026-02-05 12:47:31.173851+00","2026-02-05 12:47:31.173857+00","0",NULL
"2602753","SETFNNINAV","SETFNN50 INAV","NSE","NSE","EQ",1,"0.01000000",True,NULL,"2026-02-05 12:47:31.352797+00","2026-02-05 12:47:31.3528+00","0",NULL
"2603009","NETFINAV","NETF INAV","NSE","NSE","EQ",1,"0.01000000",True,NULL,"2026-02-05 12:47:31.536169+00","2026-02-05 12:47:31.536174+00","0",NULL
"2603265","TNIDETINAV","TNIDETF INAV","NSE","NSE","EQ",1,"0.01000000",True,NULL,"2026-02-05 12:47:31.653696+00","2026-02-05 12:47:31.6537+00","0",NULL
"2603777","UTIBANINAV","UTIBANKETF INAV","NSE","NSE","EQ",1,"0.01000000",True,NULL,"2026-02-05 12:47:32.073143+00","2026-02-05 12:47:32.073156+00","0",NULL
"2604289","UTINIFINAV","UTINIFTETF INAV","NSE","NSE","EQ",1,"0.01000000",True,NULL,"2026-02-05 12:47:32.356322+00","2026-02-05 12:47:32.356327+00","0",NULL
"2604801","UTISENINAV","UTISENSETF INAV","NSE","NSE","EQ",1,"0.01000000",True,NULL,"2026-02-05 12:47:32.525105+00","2026-02-05 12:47:32.525112+00","0",NULL
"2605057","SETFNIF50","SBI-ETF NIFTY 50","NSE","NSE","EQ",1,"0.01000000",True,NULL,"2026-02-05 12:47:32.706495+00","2026-02-05 12:47:32.706506+00","0",NULL
"2707457","NIFTYBEES","NIP IND ETF NIFTY BEES","NSE","NSE","EQ",1,"0.01000000",True,NULL,"2026-02-05 12:47:38.103551+00","2026-02-05 12:47:38.103562+00","0",NULL
"2754817","SILVERADD","DSPAMC - DSPSILVETF","NSE","NSE","EQ",1,"0.01000000",True,NULL,"2026-02-05 12:47:42.457467+00","2026-02-05 12:47:42.457473+00","0",NULL
"2800385","JUNIORBEES","NIP IND ETF JUNIOR BEES","NSE","NSE","EQ",1,"0.01000000",True,NULL,"2026-02-05 12:47:45.265333+00","2026-02-05 12:47:45.265345+00","0",NULL
"2817537","LIQUIDBEES","NIP IND ETF LIQUID BEES","NSE","NSE","EQ",1,"0.01000000",True,NULL,"2026-02-05 12:47:46.026193+00","2026-02-05 12:47:46.026205+00","0",NULL
"2928385","BANKBEES","NIP IND ETF BANK BEES","NSE","NSE","EQ",1,"0.01000000",True,NULL,"2026-02-05 12:47:54.214873+00","2026-02-05 12:47:54.214883+00","0",NULL
"2932993","NV20","KOTAKMAMC - KTKNV20ETF","NSE","NSE","EQ",1,"0.01000000",True,NULL,"2026-02-05 12:47:54.664716+00","2026-02-05 12:47:54.664727+00","0",NULL
"3363585","EBBETF0433","EDELAMC - EBBETF0433","NSE","NSE","EQ",1,"0.01000000",True,NULL,"2026-02-05 12:48:13.833031+00","2026-02-05 12:48:13.833035+00","0",NULL
"3580673","ABSLBANETF","BIRLASLAMC - ABSLBANETF","NSE","NSE","EQ",1,"0.01000000",True,NULL,"2026-02-05 12:48:30.932793+00","2026-02-05 12:48:30.932805+00","0",NULL
"3657217","GOLDETF","MIRAEAMC - MAGOLDETF","NSE","NSE","EQ",1,"0.01000000",True,NULL,"2026-02-05 12:48:35.847904+00","2026-02-05 12:48:35.847908+00","0",NULL
"3693569","GOLDBEES","NIP IND ETF GOLD BEES","NSE","NSE","EQ",1,"0.01000000",True,NULL,"2026-02-05 12:48:38.547963+00","2026-02-05 12:48:38.547972+00","0",NULL
"3803649","GOLD1","KOTAK GOLD ETF","NSE","NSE","EQ",1,"0.01000000",True,NULL,"2026-02-05 12:48:46.105839+00","2026-02-05 12:48:46.105848+00","0",NULL
"3824129","GSEC10YEAR","MIRAEAMC - MAGS813ETF","NSE","NSE","EQ",1,"0.01000000",True,NULL,"2026-02-05 12:48:47.724187+00","2026-02-05 12:48:47.724195+00","0",NULL
"3848193","PSUBNKBEES","NIP IND ETF PSU BANK BEES","NSE","NSE","EQ",1,"0.01000000",True,NULL,"2026-02-05 12:48:49.383602+00","2026-02-05 12:48:49.383612+00","0",NULL
"3864065","SILETFINAV","UTIAMC - SILETFINAV","NSE","NSE","EQ",1,"0.01000000",True,NULL,"2026-02-05 12:48:50.845354+00","2026-02-05 12:48:50.845363+00","0",NULL
"3932929","DSPGOINAV","DSPAMC - DSPGOLDETF","NSE","NSE","EQ",1,"0.05000000",True,NULL,"2026-02-05 12:48:56.493356+00","2026-02-05 12:48:56.493367+00","0",NULL
"4160769","EBBETF0430","EDELAMC - EBBETF0430","NSE","NSE","EQ",1,"0.01000000",True,NULL,"2026-02-05 12:48:59.298424+00","2026-02-05 12:48:59.298433+00","0",NULL
"4305665","QNIFTY","QUANTUM NIFTY 50 ETF","NSE","NSE","EQ",1,"0.01000000",True,NULL,"2026-02-05 12:49:01.945918+00","2026-02-05 12:49:01.945928+00","0",NULL
"4363265","SHARIABEES","NIP IND ETF SHARIAH BEES","NSE","NSE","EQ",1,"0.01000000",True,NULL,"2026-02-05 12:49:04.988507+00","2026-02-05 12:49:04.988518+00","0",NULL
"4421633","SETFGOLD","SBI-ETF GOLD","NSE","NSE","EQ",1,"0.01000000",True,NULL,"2026-02-05 12:49:07.925697+00","2026-02-05 12:49:07.925701+00","0",NULL
"4453121","SETF10GILT","SBIAMC - SETF10GILT","NSE","NSE","EQ",1,"0.01000000",True,NULL,"2026-02-05 12:49:09.722942+00","2026-02-05 12:49:09.722949+00","0",NULL
"4459265","BANKETF","MIRAEAMC - BANKETF","NSE","NSE","EQ",1,"0.01000000",True,NULL,"2026-02-05 12:49:10.173502+00","2026-02-05 12:49:10.173512+00","0",NULL
"4461057","BNKETFINAV","MIRAEAMC - BNKETFINAV","NSE","NSE","EQ",1,"0.01000000",True,NULL,"2026-02-05 12:49:10.533478+00","2026-02-05 12:49:10.533489+00","0",NULL
"4473601","NV20IETF","ICICI PRUDENTIAL NV20 ETF","NSE","NSE","EQ",1,"0.01000000",True,NULL,"2026-02-05 12:49:10.820792+00","2026-02-05 12:49:10.820803+00","0",NULL
"4499457","PVTBANKADD","DSPAMC - DSPPVBKETF","NSE","NSE","EQ",1,"0.01000000",True,NULL,"2026-02-05 12:49:12.693421+00","2026-02-05 12:49:12.693428+00","0",NULL
"4508929","SENSEXADD","DSPAMC - DSPSENXETF","NSE","NSE","EQ",1,"0.01000000",True,NULL,"2026-02-05 12:49:13.062686+00","2026-02-05 12:49:13.062695+00","0",NULL
"4509697","PSUBANKADD","DSPAMC - DSPPSBKETF","NSE","NSE","EQ",1,"0.01000000",True,NULL,"2026-02-05 12:49:13.233424+00","2026-02-05 12:49:13.23343+00","0",NULL
"4531201","LTGILTBEES","NIP IND ETF LONGTERM GILT","NSE","NSE","EQ",1,"0.01000000",True,NULL,"2026-02-05 12:49:14.820322+00","2026-02-05 12:49:14.820331+00","0",NULL
"4531713","MIDSELIETF","ICICI PRUD MIDCAP SEL ETF","NSE","NSE","EQ",1,"0.01000000",True,NULL,"2026-02-05 12:49:14.946061+00","2026-02-05 12:49:14.94607+00","0",NULL
"4634113","NIFTY1","KOTAK NIFTY ETF","NSE","NSE","EQ",1,"0.01000000",True,NULL,"2026-02-05 12:49:21.08093+00","2026-02-05 12:49:21.080942+00","0",NULL
"4680705","HNGSNGBEES","NIP IND ETF HANGSENG BEES","NSE","NSE","EQ",1,"0.01000000",True,NULL,"2026-02-05 12:49:23.672601+00","2026-02-05 12:49:23.67261+00","0",NULL
"4682753","IVZINGOLD","INVESCO INDIA GOLD ETF","NSE","NSE","EQ",1,"0.05000000",True,NULL,"2026-02-05 12:49:23.78606+00","2026-02-05 12:49:23.786068+00","0",NULL
"4885505","ITBEES","NIP IND ETF IT","NSE","NSE","EQ",1,"0.01000000",True,NULL,"2026-02-05 12:49:31.289812+00","2026-02-05 12:49:31.289823+00","0",NULL
"4921345","SENSEXETF","MIRAEAMC - SENSEXETF","NSE","NSE","EQ",1,"0.01000000",True,NULL,"2026-02-05 12:49:33.087855+00","2026-02-05 12:49:33.087864+00","0",NULL
"4937985","MOM50","MOTILAL OSWAL M50 ETF","NSE","NSE","EQ",1,"0.01000000",True,NULL,"2026-02-05 12:49:34.563592+00","2026-02-05 12:49:34.563602+00","0",NULL
"5003009","HDFCGOLD","HDFC GOLD ETF","NSE","NSE","EQ",1,"0.01000000",True,NULL,"2026-02-05 12:49:36.815542+00","2026-02-05 12:49:36.815547+00","0",NULL
"5026049","ITETF","MIRAEAMC - ITETF","NSE","NSE","EQ",1,"0.01000000",True,NULL,"2026-02-05 12:49:37.716045+00","2026-02-05 12:49:37.716055+00","0",NULL
"5027841","ALPHAETF","MIRAEAMC - ALPHAETF","NSE","NSE","EQ",1,"0.01000000",True,NULL,"2026-02-05 12:49:37.859394+00","2026-02-05 12:49:37.859406+00","0",NULL
"5028865","ITETFINAV","MIRAEAMC - ITETFINAV","NSE","NSE","EQ",1,"0.01000000",True,NULL,"2026-02-05 12:49:37.986528+00","2026-02-05 12:49:37.986537+00","0",NULL
"5037825","GOLDIETF","ICICI PRUDENTIAL GOLD ETF","NSE","NSE","EQ",1,"0.01000000",True,NULL,"2026-02-05 12:49:38.88335+00","2026-02-05 12:49:38.883356+00","0",NULL
"5138433","INFRABEES","NIP IND ETF INFRA BEES","NSE","NSE","EQ",1,"0.01000000",True,NULL,"2026-02-05 12:49:42.933464+00","2026-02-05 12:49:42.933473+00","0",NULL
"5256193","AXISGOLD","AXIS MF - AXIS GOLD ETF","NSE","NSE","EQ",1,"0.01000000",True,NULL,"2026-02-05 12:49:47.885845+00","2026-02-05 12:49:47.885855+00","0",NULL
"5441025","LOWVOLIETF","ICICI PR NIF LW VL 30 ETF","NSE","NSE","EQ",1,"0.01000000",True,NULL,"2026-02-05 12:49:54.150516+00","2026-02-05 12:49:54.150525+00","0",NULL
"5484289","MOM100","MOTILAL OS MIDCAP100 ETF","NSE","NSE","EQ",1,"0.01000000",True,NULL,"2026-02-05 12:49:55.893472+00","2026-02-05 12:49:55.893484+00","0",NULL
"5568001","LIQUIDCASE","ZERODHA NIFTY 1D RATE LIQUID ETF","NSE","NSE","EQ",1,"0.01000000",True,NULL,"2026-02-05 12:49:59.008333+00","2026-02-05 12:49:59.008343+00","0",NULL
"5621505","NIFTYBETF","BFAM - NIFTYBETF","NSE","NSE","EQ",1,"0.01000000",True,NULL,"2026-02-05 12:50:00.171324+00","2026-02-05 12:50:00.171336+00","0",NULL
"5628417","BANKBETF","BFAM - BANKBETF","NSE","NSE","EQ",1,"0.01000000",True,NULL,"2026-02-05 12:50:00.305495+00","2026-02-05 12:50:00.305503+00","0",NULL
"5629185","BANKBINAV","BFAM - BANKBETF","NSE","NSE","EQ",1,"0.01000000",True,NULL,"2026-02-05 12:50:00.483447+00","2026-02-05 12:50:00.483456+00","0",NULL
"5641473","NIFTYBINAV","BFAM - NIFTYBETF","NSE","NSE","EQ",1,"0.01000000",True,NULL,"2026-02-05 12:50:00.627782+00","2026-02-05 12:50:00.627791+00","0",NULL
"5693185","EBBETF0431","EDELAMC - EBBETF0431","NSE","NSE","EQ",1,"0.01000000",True,NULL,"2026-02-05 12:50:00.933293+00","2026-02-05 12:50:00.933302+00","0",NULL
"5821185","MON100","MOTILAL OS NASDAQ100 ETF","NSE","NSE","EQ",1,"0.01000000",True,NULL,"2026-02-05 12:50:06.105592+00","2026-02-05 12:50:06.105603+00","0",NULL
"5862657","GOLDCASE","ZERODHA GOLD ETF","NSE","NSE","EQ",1,"0.01000000",True,NULL,"2026-02-05 12:50:06.783425+00","2026-02-05 12:50:06.783436+00","0",NULL
"6093825","BSLGOLDETF","ADITYBIRLA SL GOLD ETF-GR","NSE","NSE","EQ",1,"0.01000000",True,NULL,"2026-02-05 12:50:11.839455+00","2026-02-05 12:50:11.839464+00","0",NULL
"6122241","LIQUIDBETF","BFAM - LIQUIDBETF","NSE","NSE","EQ",1,"0.01000000",True,NULL,"2026-02-05 12:50:12.688519+00","2026-02-05 12:50:12.688524+00","0",NULL
"6123009","LIQETFINAV","BFAM - LIQETFINAV","NSE","NSE","EQ",1,"0.01000000",True,NULL,"2026-02-05 12:50:12.813322+00","2026-02-05 12:50:12.813328+00","0",NULL
"6163713","MID150CASE","ZERODHA NIFTY MIDCAP 150 ETF","NSE","NSE","EQ",1,"0.01000000",True,NULL,"2026-02-05 12:50:13.367298+00","2026-02-05 12:50:13.367309+00","0",NULL
"6164737","TOP100CASE","ZERODHA NIFTY LARGECAP 100 ETF","NSE","NSE","EQ",1,"0.01000000",True,NULL,"2026-02-05 12:50:13.541016+00","2026-02-05 12:50:13.541025+00","0",NULL
"6173953","BBNPNBETF","BARODABNP - BBNPNBETF","NSE","NSE","EQ",1,"0.01000000",True,NULL,"2026-02-05 12:50:14.254754+00","2026-02-05 12:50:14.254763+00","0",NULL
"6199553","IVZINNIFTY","INVESCO INDIA NIFTY ETF","NSE","NSE","EQ",1,"0.01000000",True,NULL,"2026-02-05 12:50:15.266211+00","2026-02-05 12:50:15.266222+00","0",NULL
"6278145","SBINEQWETF","SBIAMC - SBINEQWETF","NSE","NSE","EQ",1,"0.01000000",True,NULL,"2026-02-05 12:50:18.753471+00","2026-02-05 12:50:18.753482+00","0",NULL
"6280449","OILIETF","ICICIPRAMC - OILIETF","NSE","NSE","EQ",1,"0.01000000",True,NULL,"2026-02-05 12:50:19.22937+00","2026-02-05 12:50:19.229381+00","0",NULL
"6285057","OILETFINAV","ICICIPRAMC - OILETFINAV","NSE","NSE","EQ",1,"0.01000000",True,NULL,"2026-02-05 12:50:19.491478+00","2026-02-05 12:50:19.491489+00","0",NULL
"6343937","BSLNIFTY","ADITYBIRLA SL NIF ETF-GR","NSE","NSE","EQ",1,"0.01000000",True,NULL,"2026-02-05 12:50:21.633465+00","2026-02-05 12:50:21.633475+00","0",NULL
"6364417","METALIETF","ICICIPRAMC - METALIETF","NSE","NSE","EQ",1,"0.01000000",True,NULL,"2026-02-05 12:50:23.88429+00","2026-02-05 12:50:23.884301+00","0",NULL
"6563841","LICMFGOLD","LIC MF - LIC GOLD ETF","NSE","NSE","EQ",1,"0.05000000",True,NULL,"2026-02-05 12:50:33.873011+00","2026-02-05 12:50:33.873015+00","0",NULL
"6617857","VAL30IETF","ICICIPRAMC - VAL30IETF","NSE","NSE","EQ",1,"0.01000000",True,NULL,"2026-02-05 12:50:36.630357+00","2026-02-05 12:50:36.630363+00","0",NULL
"7565569","NIFTYIETF","ICICI PRUD NIFTY ETF","NSE","NSE","EQ",1,"0.01000000",True,NULL,"2026-02-05 12:50:51.063451+00","2026-02-05 12:50:51.06346+00","0",NULL
"7571713","NIF100BEES","NIP IND ETF NIFTY 100","NSE","NSE","EQ",1,"0.01000000",True,NULL,"2026-02-05 12:50:51.243502+00","2026-02-05 12:50:51.243512+00","0",NULL
"7715585","CASHIETF","ICICIPRAMC - CASHIETF","NSE","NSE","EQ",1,"0.01000000",True,NULL,"2026-02-05 12:50:56.645148+00","2026-02-05 12:50:56.645157+00","0",NULL
"7780353","NIF100IETF","ICICI PRUD NIFTY 100 ETF","NSE","NSE","EQ",1,"0.01000000",True,NULL,"2026-02-05 12:50:58.465865+00","2026-02-05 12:50:58.465875+00","0",NULL
"7807745","EVIETFINAV","ICICIPRAMC - EVIETFINAV","NSE","NSE","EQ",1,"0.01000000",True,NULL,"2026-02-05 12:50:59.669577+00","2026-02-05 12:50:59.669587+00","0",NULL
"7814401","TOPETFINAV","ICICIPRAMC - TOPETFINAV","NSE","NSE","EQ",1,"0.01000000",True,NULL,"2026-02-05 12:51:01.647749+00","2026-02-05 12:51:01.647761+00","0",NULL
"193505537","EVIETF","ICICIPRAMC - EVIETF","NSE","NSE","EQ",1,"0.01000000",True,NULL,"2026-02-05 12:51:12.222163+00","2026-02-05 12:51:12.222175+00","0",NULL
"193991937","TOP15IETF","ICICIPRAMC - TOP15IETF","NSE","NSE","EQ",1,"0.01000000",True,NULL,"2026-02-05 12:51:17.669884+00","2026-02-05 12:51:17.669893+00","0",NULL
"194174977","SBILIQETF","SBIAMC - SBILIQETF","NSE","NSE","EQ",1,"0.01000000",True,NULL,"2026-02-05 12:51:22.837802+00","2026-02-05 12:51:22.837811+00","0",NULL
"194683393","TWCGOLDETF","WEALTH - TWCGOLDETF","NSE","NSE","EQ",1,"0.01000000",True,NULL,"2026-02-05 12:51:45.3906+00","2026-02-05 12:51:45.390609+00","0",NULL
"194741505","NEXT50ETF","KOTAKMAMC - NEXT50ETF","NSE","NSE","EQ",1,"0.01000000",True,NULL,"2026-02-05 12:51:46.594553+00","2026-02-05 12:51:46.594563+00","0",NULL
